SpeakerNumber;F0;F1;F2;F3;F4;F5;F6;F7;F8;F9;TT;Sex;Class
range1;range3;range1;range4;range7;range4;range7;range2;range5;range2;range1;zero;female;0
range1;range4;range1;range3;range6;range4;range7;range2;range5;range3;range3;zero;female;1
range1;range7;range2;range1;range3;range2;range7;range1;range5;range2;range4;zero;female;2
range1;range7;range4;range1;range6;range1;range6;range1;range4;range5;range1;zero;female;3
range1;range6;range4;range3;range6;range1;range5;range6;range2;range6;range3;zero;female;4
range1;range5;range4;range3;range5;range1;range5;range5;range2;range6;range3;zero;female;5
range1;range3;range5;range4;range6;range1;range5;range6;range4;range7;range3;zero;female;6
range1;range2;range5;range6;range7;range1;range4;range2;range7;range7;range3;zero;female;7
range1;range2;range5;range2;range5;range3;range7;range1;range6;range5;range3;zero;female;8
range1;range3;range4;range1;range7;range5;range7;range2;range5;range6;range1;zero;female;9
range1;range4;range4;range2;range5;range2;range7;range1;range5;range5;range1;zero;female;10
range1;range3;range1;range4;range7;range4;range7;range2;range5;range2;range1;zero;female;0
range1;range4;range1;range3;range6;range4;range7;range2;range6;range2;range3;zero;female;1
range1;range7;range2;range1;range3;range2;range7;range1;range6;range2;range5;zero;female;2
range1;range6;range4;range1;range6;range2;range5;range2;range3;range6;range1;zero;female;3
range1;range6;range5;range2;range5;range1;range6;range5;range2;range6;range2;zero;female;4
range1;range5;range4;range3;range5;range1;range5;range5;range2;range6;range3;zero;female;5
range1;range3;range5;range5;range6;range1;range4;range6;range4;range7;range4;zero;female;6
range1;range2;range5;range6;range7;range1;range4;range2;range7;range7;range3;zero;female;7
range1;range3;range4;range2;range5;range3;range7;range3;range5;range7;range2;zero;female;8
range1;range3;range4;range1;range7;range5;range7;range2;range6;range5;range1;zero;female;9
range1;range5;range3;range2;range5;range2;range6;range1;range6;range5;range1;zero;female;10
range1;range3;range1;range4;range7;range4;range7;range2;range5;range2;range1;zero;female;0
range1;range4;range1;range2;range6;range4;range7;range3;range6;range3;range3;zero;female;1
range1;range7;range2;range1;range3;range3;range7;range1;range5;range2;range4;zero;female;2
range1;range6;range4;range1;range6;range2;range5;range2;range3;range6;range1;zero;female;3
range1;range6;range5;range2;range5;range1;range6;range3;range3;range6;range2;zero;female;4
range1;range5;range5;range3;range5;range1;range5;range6;range1;range6;range3;zero;female;5
range1;range3;range5;range5;range6;range1;range2;range7;range4;range6;range5;zero;female;6
range1;range2;range5;range6;range7;range1;range4;range2;range7;range7;range4;zero;female;7
range1;range3;range4;range2;range5;range2;range7;range2;range6;range6;range3;zero;female;8
range1;range3;range4;range1;range7;range5;range7;range1;range5;range5;range2;zero;female;9
range1;range5;range3;range2;range5;range2;range7;range1;range7;range4;range1;zero;female;10
range1;range3;range1;range3;range7;range4;range7;range2;range5;range3;range1;zero;female;0
range1;range4;range1;range2;range6;range4;range7;range3;range6;range4;range3;zero;female;1
range1;range7;range2;range1;range4;range3;range7;range1;range6;range2;range4;zero;female;2
range1;range7;range4;range1;range6;range2;range6;range1;range3;range5;range1;zero;female;3
range1;range5;range4;range2;range5;range1;range6;range2;range3;range5;range2;zero;female;4
range1;range4;range5;range3;range4;range1;range4;range7;range1;range6;range4;zero;female;5
range1;range3;range5;range4;range6;range1;range3;range7;range4;range7;range4;zero;female;6
range1;range2;range5;range6;range7;range1;range1;range5;range4;range7;range5;zero;female;7
range1;range3;range3;range2;range5;range2;range7;range2;range7;range6;range3;zero;female;8
range1;range3;range4;range1;range7;range6;range7;range3;range4;range6;range1;zero;female;9
range1;range6;range3;range1;range5;range2;range7;range1;range7;range4;range2;zero;female;10
range1;range3;range1;range3;range7;range4;range7;range3;range5;range3;range1;zero;female;0
range1;range4;range1;range2;range5;range4;range7;range3;range6;range4;range4;zero;female;1
range1;range7;range2;range1;range4;range3;range7;range1;range6;range2;range4;zero;female;2
range1;range6;range4;range1;range6;range2;range6;range1;range4;range4;range1;zero;female;3
range1;range5;range4;range2;range5;range2;range6;range3;range2;range5;range2;zero;female;4
range1;range4;range5;range2;range4;range1;range4;range7;range1;range5;range4;zero;female;5
range1;range3;range4;range4;range5;range1;range4;range6;range4;range7;range4;zero;female;6
range1;range1;range5;range6;range6;range1;range4;range4;range6;range7;range3;zero;female;7
range1;range3;range3;range2;range5;range2;range7;range2;range7;range6;range4;zero;female;8
range1;range3;range4;range1;range7;range6;range7;range3;range5;range6;range1;zero;female;9
range1;range6;range3;range1;range5;range1;range6;range1;range7;range5;range2;zero;female;10
range1;range3;range1;range3;range7;range5;range7;range3;range5;range3;range1;zero;female;0
range1;range4;range1;range2;range5;range4;range7;range3;range5;range3;range4;zero;female;1
range1;range6;range2;range1;range4;range3;range7;range1;range6;range2;range4;zero;female;2
range1;range6;range4;range1;range6;range2;range5;range1;range4;range4;range1;zero;female;3
range1;range4;range4;range2;range5;range2;range6;range2;range3;range4;range2;zero;female;4
range1;range4;range5;range2;range4;range1;range5;range6;range1;range6;range4;zero;female;5
range1;range3;range5;range3;range5;range1;range5;range6;range4;range7;range4;zero;female;6
range1;range1;range5;range6;range6;range1;range4;range5;range6;range7;range3;zero;female;7
range1;range3;range3;range2;range5;range2;range7;range2;range7;range4;range5;zero;female;8
range1;range2;range4;range1;range7;range5;range7;range2;range6;range5;range1;zero;female;9
range1;range6;range3;range2;range5;range1;range6;range1;range7;range5;range2;zero;female;10
range1;range2;range1;range7;range4;range7;range7;range7;range3;range2;range2;zero;female;0
range1;range7;range1;range2;range1;range3;range6;range7;range6;range7;range5;zero;female;1
range1;range7;range1;range2;range1;range5;range5;range5;range4;range4;range4;zero;female;2
range1;range7;range3;range1;range4;range5;range2;range4;range4;range5;range2;zero;female;3
range1;range6;range5;range6;range3;range1;range3;range3;range4;range7;range3;zero;female;4
range1;range6;range3;range7;range2;range4;range1;range3;range2;range7;range5;zero;female;5
range1;range4;range7;range2;range1;range4;range1;range5;range5;range7;range4;zero;female;6
range1;range2;range7;range7;range1;range1;range2;range6;range5;range5;range6;zero;female;7
range1;range1;range6;range6;range4;range2;range4;range4;range4;range7;range7;zero;female;8
range1;range1;range5;range6;range4;range3;range6;range5;range4;range6;range7;zero;female;9
range1;range4;range3;range6;range2;range4;range5;range4;range2;range6;range4;zero;female;10
range1;range1;range1;range7;range5;range7;range6;range7;range3;range2;range2;zero;female;0
range1;range7;range1;range2;range1;range4;range7;range7;range6;range6;range4;zero;female;1
range1;range7;range1;range2;range1;range5;range5;range5;range5;range4;range3;zero;female;2
range1;range7;range3;range1;range3;range5;range2;range4;range4;range5;range3;zero;female;3
range1;range6;range6;range5;range2;range2;range4;range3;range4;range6;range3;zero;female;4
range1;range6;range3;range7;range1;range4;range1;range4;range2;range7;range5;zero;female;5
range1;range4;range6;range4;range2;range2;range1;range2;range4;range7;range3;zero;female;6
range1;range2;range7;range7;range1;range1;range2;range6;range6;range5;range6;zero;female;7
range1;range1;range6;range6;range3;range2;range4;range5;range4;range6;range6;zero;female;8
range1;range1;range5;range6;range5;range2;range7;range5;range3;range7;range5;zero;female;9
range1;range4;range3;range7;range2;range3;range6;range6;range2;range4;range5;zero;female;10
range1;range1;range1;range7;range5;range7;range6;range7;range2;range2;range2;zero;female;0
range1;range7;range1;range2;range2;range5;range7;range7;range6;range6;range3;zero;female;1
range1;range7;range1;range2;range2;range5;range5;range5;range4;range4;range3;zero;female;2
range1;range7;range3;range1;range2;range4;range2;range4;range4;range5;range3;zero;female;3
range1;range5;range6;range5;range3;range2;range4;range3;range5;range6;range2;zero;female;4
range1;range6;range2;range7;range2;range3;range2;range5;range1;range7;range5;zero;female;5
range1;range4;range6;range4;range2;range2;range3;range2;range4;range7;range3;zero;female;6
range1;range2;range7;range6;range1;range1;range3;range7;range6;range4;range6;zero;female;7
range1;range1;range6;range7;range3;range1;range3;range5;range4;range6;range6;zero;female;8
range1;range1;range5;range6;range5;range2;range7;range4;range3;range6;range5;zero;female;9
range1;range5;range3;range6;range1;range3;range6;range6;range2;range4;range5;zero;female;10
range1;range1;range1;range7;range6;range7;range6;range6;range2;range1;range2;zero;female;0
range1;range7;range1;range2;range2;range5;range7;range7;range6;range6;range4;zero;female;1
range1;range7;range1;range2;range2;range5;range5;range4;range5;range4;range4;zero;female;2
range1;range7;range3;range1;range2;range5;range3;range4;range3;range5;range3;zero;female;3
range1;range5;range6;range4;range2;range2;range4;range3;range4;range6;range2;zero;female;4
range1;range6;range3;range6;range2;range3;range2;range4;range2;range7;range5;zero;female;5
range1;range4;range6;range5;range2;range2;range2;range3;range4;range7;range4;zero;female;6
range1;range2;range7;range7;range1;range1;range1;range7;range7;range4;range6;zero;female;7
range1;range1;range6;range7;range4;range1;range4;range5;range4;range6;range6;zero;female;8
range1;range1;range6;range6;range5;range2;range6;range5;range2;range7;range6;zero;female;9
range1;range5;range4;range5;range2;range3;range7;range4;range2;range5;range2;zero;female;10
range1;range1;range1;range7;range6;range7;range5;range5;range2;range1;range3;zero;female;0
range1;range7;range1;range2;range2;range5;range7;range6;range6;range5;range3;zero;female;1
range1;range7;range1;range2;range1;range5;range5;range4;range5;range4;range4;zero;female;2
range1;range7;range3;range1;range2;range5;range3;range3;range3;range5;range3;zero;female;3
range1;range5;range7;range2;range2;range2;range5;range4;range4;range6;range1;zero;female;4
range1;range6;range3;range6;range2;range4;range2;range3;range3;range7;range4;zero;female;5
range1;range4;range6;range5;range3;range2;range2;range3;range4;range7;range4;zero;female;6
range1;range2;range7;range7;range1;range1;range1;range6;range6;range5;range6;zero;female;7
range1;range1;range7;range6;range4;range1;range5;range6;range3;range6;range5;zero;female;8
range1;range1;range6;range6;range4;range3;range5;range6;range3;range6;range6;zero;female;9
range1;range4;range3;range6;range2;range3;range6;range3;range2;range6;range2;zero;female;10
range1;range1;range1;range7;range6;range7;range6;range6;range1;range1;range2;zero;female;0
range1;range6;range1;range3;range3;range7;range7;range6;range6;range5;range2;zero;female;1
range1;range7;range1;range3;range1;range4;range5;range5;range5;range5;range4;zero;female;2
range1;range7;range3;range1;range2;range5;range3;range4;range3;range5;range3;zero;female;3
range1;range5;range7;range2;range1;range3;range3;range6;range3;range6;range1;zero;female;4
range1;range6;range4;range5;range2;range4;range2;range3;range3;range7;range3;zero;female;5
range1;range4;range6;range4;range2;range2;range1;range4;range4;range7;range3;zero;female;6
range1;range2;range7;range7;range1;range2;range1;range5;range6;range5;range7;zero;female;7
range1;range1;range7;range5;range2;range3;range6;range7;range3;range6;range5;zero;female;8
range1;range1;range7;range6;range3;range3;range6;range6;range4;range3;range6;zero;female;9
range1;range4;range4;range5;range2;range5;range5;range3;range4;range6;range2;zero;female;10
range1;range7;range1;range1;range5;range4;range7;range6;range7;range1;range2;zero;female;0
range1;range7;range1;range1;range4;range3;range7;range4;range7;range2;range5;zero;female;1
range1;range7;range2;range1;range6;range4;range7;range3;range7;range2;range4;zero;female;2
range1;range7;range4;range2;range6;range2;range6;range4;range6;range3;range5;zero;female;3
range1;range6;range5;range5;range6;range1;range3;range2;range7;range5;range5;zero;female;4
range1;range7;range4;range5;range6;range2;range4;range2;range7;range4;range5;zero;female;5
range1;range6;range5;range6;range7;range1;range2;range1;range7;range6;range6;zero;female;6
range1;range2;range7;range5;range7;range1;range1;range1;range7;range6;range4;zero;female;7
range1;range4;range3;range3;range7;range1;range1;range6;range6;range7;range6;zero;female;8
range1;range2;range5;range4;range5;range1;range5;range7;range4;range7;range5;zero;female;9
range1;range5;range4;range3;range6;range2;range7;range3;range7;range5;range2;zero;female;10
range1;range7;range1;range1;range5;range4;range7;range6;range6;range1;range2;zero;female;0
range1;range7;range1;range1;range4;range3;range7;range4;range7;range2;range5;zero;female;1
range1;range7;range2;range1;range5;range3;range7;range3;range7;range3;range4;zero;female;2
range1;range7;range4;range2;range6;range2;range6;range3;range7;range4;range5;zero;female;3
range1;range6;range4;range5;range7;range1;range3;range2;range7;range5;range6;zero;female;4
range1;range7;range4;range5;range6;range2;range4;range3;range7;range4;range5;zero;female;5
range1;range6;range5;range6;range7;range1;range2;range1;range7;range6;range6;zero;female;6
range1;range2;range7;range5;range7;range1;range1;range2;range7;range7;range4;zero;female;7
range1;range4;range3;range4;range7;range2;range1;range4;range5;range7;range6;zero;female;8
range1;range1;range5;range5;range6;range2;range4;range7;range4;range7;range5;zero;female;9
range1;range5;range3;range3;range7;range2;range6;range2;range7;range6;range3;zero;female;10
range1;range7;range1;range1;range6;range4;range7;range6;range6;range1;range1;zero;female;0
range1;range7;range1;range1;range4;range3;range7;range4;range7;range3;range5;zero;female;1
range1;range7;range2;range1;range5;range3;range7;range3;range7;range3;range4;zero;female;2
range1;range7;range3;range2;range6;range2;range6;range3;range7;range4;range5;zero;female;3
range1;range7;range4;range6;range7;range1;range3;range1;range7;range5;range6;zero;female;4
range1;range7;range4;range4;range6;range2;range4;range3;range7;range4;range6;zero;female;5
range1;range6;range4;range6;range7;range2;range2;range1;range7;range6;range7;zero;female;6
range1;range2;range7;range5;range7;range1;range1;range4;range7;range7;range4;zero;female;7
range1;range3;range4;range4;range7;range2;range3;range4;range5;range7;range5;zero;female;8
range1;range1;range5;range5;range6;range2;range3;range7;range3;range7;range5;zero;female;9
range1;range5;range3;range3;range7;range2;range6;range2;range7;range6;range2;zero;female;10
range1;range7;range1;range1;range6;range4;range7;range6;range6;range1;range2;zero;female;0
range1;range7;range1;range1;range4;range3;range7;range4;range7;range3;range5;zero;female;1
range1;range7;range2;range1;range5;range4;range7;range3;range7;range3;range5;zero;female;2
range1;range7;range3;range2;range6;range2;range5;range3;range6;range5;range5;zero;female;3
range1;range7;range4;range6;range7;range1;range3;range1;range7;range5;range6;zero;female;4
range1;range7;range4;range4;range6;range1;range4;range2;range7;range4;range6;zero;female;5
range1;range6;range3;range6;range7;range1;range2;range1;range7;range6;range7;zero;female;6
range1;range3;range7;range5;range7;range1;range1;range5;range7;range7;range5;zero;female;7
range1;range3;range4;range4;range7;range1;range5;range3;range6;range7;range2;zero;female;8
range1;range1;range5;range5;range7;range3;range3;range7;range2;range7;range6;zero;female;9
range1;range6;range3;range2;range6;range2;range6;range2;range7;range6;range1;zero;female;10
range1;range7;range1;range1;range5;range4;range7;range6;range7;range1;range2;zero;female;0
range1;range7;range1;range1;range4;range3;range7;range4;range7;range3;range5;zero;female;1
range1;range7;range2;range1;range5;range4;range7;range4;range7;range4;range5;zero;female;2
range1;range7;range3;range2;range6;range2;range5;range3;range6;range5;range5;zero;female;3
range1;range7;range4;range5;range7;range1;range3;range1;range7;range6;range6;zero;female;4
range1;range7;range4;range4;range7;range2;range5;range3;range7;range4;range5;zero;female;5
range1;range6;range4;range5;range7;range1;range2;range1;range7;range6;range7;zero;female;6
range1;range3;range6;range5;range7;range1;range2;range4;range7;range6;range6;zero;female;7
range1;range3;range4;range4;range7;range1;range6;range4;range6;range7;range2;zero;female;8
range1;range1;range5;range5;range7;range3;range2;range7;range2;range7;range6;zero;female;9
range1;range6;range3;range2;range6;range1;range6;range2;range7;range6;range1;zero;female;10
range1;range7;range1;range1;range5;range4;range7;range7;range7;range1;range2;zero;female;0
range1;range7;range1;range1;range5;range4;range7;range4;range7;range3;range4;zero;female;1
range1;range7;range2;range1;range6;range4;range7;range3;range7;range3;range5;zero;female;2
range1;range7;range3;range2;range6;range2;range5;range3;range6;range4;range5;zero;female;3
range1;range7;range3;range5;range7;range2;range3;range1;range7;range6;range6;zero;female;4
range1;range7;range3;range3;range6;range2;range5;range4;range7;range4;range6;zero;female;5
range1;range6;range4;range5;range7;range1;range2;range1;range7;range6;range7;zero;female;6
range1;range3;range6;range5;range7;range1;range1;range4;range7;range7;range5;zero;female;7
range1;range3;range4;range4;range7;range2;range6;range3;range7;range7;range2;zero;female;8
range1;range1;range5;range5;range6;range3;range2;range7;range3;range7;range6;zero;female;9
range1;range6;range3;range2;range6;range1;range6;range2;range7;range6;range2;zero;female;10
range2;range7;range1;range1;range3;range5;range7;range7;range7;range6;range3;zero;female;0
range2;range7;range1;range2;range2;range4;range6;range6;range6;range6;range3;zero;female;1
range2;range7;range2;range2;range3;range7;range3;range6;range4;range4;range2;zero;female;2
range2;range7;range4;range5;range2;range6;range2;range5;range2;range6;range2;zero;female;3
range2;range6;range6;range6;range2;range2;range2;range3;range7;range6;range2;zero;female;4
range2;range6;range4;range6;range3;range3;range2;range4;range5;range6;range3;zero;female;5
range2;range4;range4;range7;range5;range1;range2;range1;range6;range7;range5;zero;female;6
range2;range3;range3;range7;range7;range1;range2;range1;range6;range7;range7;zero;female;7
range2;range4;range4;range6;range3;range1;range5;range2;range7;range7;range6;zero;female;8
range2;range3;range2;range5;range4;range3;range6;range4;range6;range7;range6;zero;female;9
range2;range6;range2;range6;range3;range2;range4;range2;range5;range7;range5;zero;female;10
range2;range7;range1;range1;range3;range5;range7;range7;range7;range6;range3;zero;female;0
range2;range7;range1;range2;range2;range4;range6;range6;range6;range6;range3;zero;female;1
range2;range7;range2;range2;range3;range7;range4;range5;range4;range5;range1;zero;female;2
range2;range7;range4;range4;range2;range6;range2;range4;range3;range6;range1;zero;female;3
range2;range6;range5;range7;range2;range1;range2;range2;range7;range6;range3;zero;female;4
range2;range6;range4;range6;range3;range3;range2;range4;range5;range7;range2;zero;female;5
range2;range4;range4;range7;range6;range1;range1;range1;range5;range7;range6;zero;female;6
range2;range3;range3;range7;range7;range1;range2;range1;range6;range7;range7;zero;female;7
range2;range4;range3;range7;range4;range1;range4;range2;range7;range7;range7;zero;female;8
range2;range3;range2;range5;range4;range3;range6;range4;range6;range7;range6;zero;female;9
range2;range6;range2;range6;range3;range2;range4;range3;range5;range7;range5;zero;female;10
range2;range7;range1;range1;range4;range5;range7;range7;range7;range5;range2;zero;female;0
range2;range7;range1;range2;range2;range4;range6;range6;range6;range6;range3;zero;female;1
range2;range7;range2;range2;range3;range6;range4;range5;range5;range4;range2;zero;female;2
range2;range7;range4;range4;range2;range6;range1;range4;range3;range6;range2;zero;female;3
range2;range6;range4;range7;range3;range1;range1;range2;range6;range6;range4;zero;female;4
range2;range6;range3;range7;range3;range2;range2;range3;range6;range7;range2;zero;female;5
range2;range4;range3;range7;range6;range2;range1;range1;range4;range7;range7;zero;female;6
range2;range3;range3;range7;range7;range1;range1;range1;range5;range7;range7;zero;female;7
range2;range4;range2;range7;range5;range1;range4;range2;range6;range7;range7;zero;female;8
range2;range2;range2;range6;range4;range4;range7;range3;range6;range7;range6;zero;female;9
range2;range6;range2;range6;range3;range2;range5;range3;range5;range7;range5;zero;female;10
range2;range7;range1;range1;range4;range5;range7;range7;range7;range5;range2;zero;female;0
range2;range7;range1;range2;range2;range4;range6;range6;range6;range6;range3;zero;female;1
range2;range7;range2;range2;range3;range6;range5;range5;range5;range4;range3;zero;female;2
range2;range7;range4;range4;range2;range6;range1;range4;range3;range6;range1;zero;female;3
range2;range6;range3;range7;range4;range1;range1;range2;range6;range6;range5;zero;female;4
range2;range6;range3;range7;range3;range2;range2;range3;range6;range7;range2;zero;female;5
range2;range4;range2;range7;range6;range3;range2;range1;range3;range7;range7;zero;female;6
range2;range3;range3;range7;range7;range1;range2;range1;range5;range7;range7;zero;female;7
range2;range4;range2;range7;range5;range1;range5;range3;range6;range6;range7;zero;female;8
range2;range1;range2;range6;range4;range4;range6;range2;range6;range7;range5;zero;female;9
range2;range6;range2;range6;range4;range2;range5;range3;range5;range6;range5;zero;female;10
range2;range7;range1;range1;range5;range5;range7;range7;range7;range5;range2;zero;female;0
range2;range7;range1;range2;range2;range4;range6;range6;range6;range6;range3;zero;female;1
range2;range7;range2;range2;range3;range6;range5;range5;range5;range3;range2;zero;female;2
range2;range7;range3;range4;range3;range5;range3;range3;range2;range6;range1;zero;female;3
range2;range6;range3;range7;range4;range1;range1;range2;range6;range6;range5;zero;female;4
range2;range7;range2;range7;range4;range2;range2;range3;range6;range7;range3;zero;female;5
range2;range5;range2;range7;range7;range3;range2;range1;range3;range7;range7;zero;female;6
range2;range3;range3;range7;range7;range1;range1;range1;range5;range7;range7;zero;female;7
range2;range4;range2;range7;range5;range1;range5;range4;range6;range6;range7;zero;female;8
range2;range1;range2;range6;range5;range4;range7;range3;range6;range7;range5;zero;female;9
range2;range5;range2;range6;range4;range2;range5;range3;range5;range6;range5;zero;female;10
range2;range7;range1;range1;range5;range5;range7;range7;range7;range5;range2;zero;female;0
range2;range7;range1;range2;range2;range4;range6;range6;range6;range6;range3;zero;female;1
range2;range7;range2;range2;range3;range6;range5;range5;range5;range3;range2;zero;female;2
range2;range7;range3;range4;range3;range4;range4;range2;range4;range5;range1;zero;female;3
range2;range6;range3;range7;range4;range1;range1;range2;range6;range6;range5;zero;female;4
range2;range6;range2;range7;range4;range3;range3;range3;range6;range7;range4;zero;female;5
range2;range5;range2;range7;range6;range2;range1;range1;range4;range7;range7;zero;female;6
range2;range3;range2;range7;range7;range1;range1;range1;range5;range7;range7;zero;female;7
range2;range4;range2;range7;range5;range1;range6;range5;range6;range5;range6;zero;female;8
range2;range1;range3;range6;range4;range4;range7;range2;range6;range7;range4;zero;female;9
range2;range5;range2;range6;range4;range3;range5;range3;range5;range6;range5;zero;female;10
range2;range4;range1;range6;range7;range7;range7;range2;range1;range2;range6;zero;male;0
range2;range4;range1;range7;range6;range7;range3;range1;range1;range3;range5;zero;male;1
range2;range6;range1;range6;range6;range6;range1;range1;range2;range4;range6;zero;male;2
range2;range7;range2;range5;range2;range4;range1;range5;range2;range2;range5;zero;male;3
range2;range5;range4;range5;range1;range3;range2;range7;range3;range3;range4;zero;male;4
range2;range6;range3;range4;range1;range4;range1;range7;range3;range2;range6;zero;male;5
range2;range3;range5;range7;range3;range1;range1;range4;range7;range4;range2;zero;male;6
range2;range2;range7;range6;range2;range1;range1;range5;range7;range4;range4;zero;male;7
range2;range2;range6;range6;range1;range6;range5;range6;range4;range3;range1;zero;male;8
range2;range1;range6;range7;range4;range7;range4;range2;range6;range1;range1;zero;male;9
range2;range5;range2;range6;range1;range6;range3;range6;range6;range2;range4;zero;male;10
range2;range4;range1;range7;range6;range7;range7;range2;range1;range3;range6;zero;male;0
range2;range4;range1;range7;range6;range7;range3;range1;range1;range3;range5;zero;male;1
range2;range6;range1;range6;range6;range7;range1;range1;range1;range4;range6;zero;male;2
range2;range7;range2;range5;range3;range4;range1;range5;range2;range3;range5;zero;male;3
range2;range5;range4;range5;range1;range3;range3;range7;range3;range3;range4;zero;male;4
range2;range6;range3;range4;range1;range5;range1;range7;range3;range3;range5;zero;male;5
range2;range3;range5;range7;range3;range1;range1;range5;range7;range4;range2;zero;male;6
range2;range2;range7;range6;range2;range1;range1;range5;range7;range5;range4;zero;male;7
range2;range2;range6;range5;range2;range6;range5;range6;range5;range2;range1;zero;male;8
range2;range1;range6;range7;range4;range7;range3;range4;range6;range2;range1;zero;male;9
range2;range5;range2;range5;range1;range5;range3;range6;range5;range1;range4;zero;male;10
range2;range3;range1;range7;range7;range7;range7;range1;range1;range4;range6;zero;male;0
range2;range4;range1;range7;range6;range7;range3;range1;range1;range3;range5;zero;male;1
range2;range6;range1;range6;range7;range6;range1;range2;range1;range4;range6;zero;male;2
range2;range7;range2;range6;range2;range4;range1;range5;range3;range3;range6;zero;male;3
range2;range5;range5;range4;range1;range3;range4;range7;range2;range3;range3;zero;male;4
range2;range6;range3;range3;range2;range5;range2;range7;range2;range2;range5;zero;male;5
range2;range3;range6;range7;range3;range1;range1;range4;range7;range4;range3;zero;male;6
range2;range2;range7;range6;range1;range1;range2;range7;range7;range5;range4;zero;male;7
range2;range2;range5;range6;range2;range6;range4;range6;range5;range3;range1;zero;male;8
range2;range1;range5;range7;range3;range7;range4;range3;range6;range1;range1;zero;male;9
range2;range4;range2;range5;range2;range5;range2;range6;range5;range1;range4;zero;male;10
range2;range3;range1;range7;range7;range7;range7;range1;range1;range4;range6;zero;male;0
range2;range4;range1;range7;range6;range7;range4;range1;range1;range3;range4;zero;male;1
range2;range5;range1;range6;range7;range6;range1;range1;range2;range5;range6;zero;male;2
range2;range7;range2;range6;range2;range5;range1;range6;range2;range3;range5;zero;male;3
range2;range5;range5;range4;range2;range2;range5;range7;range2;range2;range4;zero;male;4
range2;range5;range3;range3;range2;range6;range3;range7;range2;range1;range5;zero;male;5
range2;range3;range6;range7;range2;range1;range1;range4;range7;range3;range4;zero;male;6
range2;range1;range7;range6;range2;range1;range1;range7;range7;range6;range4;zero;male;7
range2;range2;range5;range6;range2;range6;range4;range6;range5;range3;range1;zero;male;8
range2;range1;range6;range7;range3;range7;range4;range3;range6;range2;range1;zero;male;9
range2;range5;range2;range5;range2;range5;range2;range6;range5;range1;range4;zero;male;10
range2;range3;range1;range7;range6;range7;range7;range1;range1;range4;range6;zero;male;0
range2;range4;range1;range7;range6;range7;range2;range1;range1;range2;range5;zero;male;1
range2;range4;range2;range7;range6;range5;range1;range1;range3;range6;range6;zero;male;2
range2;range7;range2;range5;range3;range5;range1;range6;range2;range3;range5;zero;male;3
range2;range5;range4;range5;range2;range2;range4;range7;range3;range2;range4;zero;male;4
range2;range5;range2;range4;range4;range5;range4;range6;range3;range1;range4;zero;male;5
range2;range3;range7;range6;range1;range2;range2;range7;range5;range2;range3;zero;male;6
range2;range1;range7;range6;range2;range1;range1;range6;range6;range6;range4;zero;male;7
range2;range2;range6;range7;range2;range6;range3;range5;range4;range3;range1;zero;male;8
range2;range1;range6;range7;range3;range7;range5;range4;range6;range2;range1;zero;male;9
range2;range5;range2;range5;range2;range5;range2;range6;range5;range1;range5;zero;male;10
range2;range3;range1;range7;range6;range7;range7;range1;range1;range4;range7;zero;male;0
range2;range3;range2;range7;range6;range7;range1;range1;range2;range2;range6;zero;male;1
range2;range4;range2;range7;range6;range6;range1;range1;range2;range5;range5;zero;male;2
range2;range7;range2;range6;range3;range5;range1;range5;range3;range2;range5;zero;male;3
range2;range5;range4;range5;range1;range3;range3;range7;range3;range2;range4;zero;male;4
range2;range4;range2;range5;range5;range5;range4;range6;range2;range1;range4;zero;male;5
range2;range3;range7;range6;range2;range2;range2;range7;range4;range3;range2;zero;male;6
range2;range1;range7;range6;range2;range1;range1;range5;range7;range6;range4;zero;male;7
range2;range2;range5;range6;range3;range6;range3;range6;range4;range2;range1;zero;male;8
range2;range1;range6;range7;range2;range7;range5;range3;range6;range3;range1;zero;male;9
range2;range5;range2;range6;range3;range6;range1;range6;range4;range1;range4;zero;male;10
range3;range4;range1;range4;range5;range7;range6;range7;range1;range1;range5;zero;male;0
range3;range2;range2;range5;range7;range7;range6;range1;range1;range1;range5;zero;male;1
range3;range6;range2;range2;range6;range6;range5;range2;range2;range2;range6;zero;male;2
range3;range6;range3;range2;range4;range4;range1;range5;range1;range4;range6;zero;male;3
range3;range5;range5;range4;range3;range1;range2;range6;range4;range5;range2;zero;male;4
range3;range6;range4;range3;range3;range3;range4;range5;range3;range4;range3;zero;male;5
range3;range3;range6;range3;range2;range3;range2;range7;range4;range5;range1;zero;male;6
range3;range1;range7;range5;range5;range2;range1;range7;range4;range7;range4;zero;male;7
range3;range3;range6;range1;range5;range4;range7;range5;range7;range5;range1;zero;male;8
range3;range1;range7;range2;range5;range7;range3;range6;range3;range4;range1;zero;male;9
range3;range4;range3;range3;range5;range4;range5;range5;range6;range4;range1;zero;male;10
range3;range4;range1;range3;range5;range7;range6;range7;range1;range1;range5;zero;male;0
range3;range3;range2;range5;range7;range7;range7;range2;range1;range1;range4;zero;male;1
range3;range5;range2;range3;range6;range6;range5;range2;range2;range1;range6;zero;male;2
range3;range6;range3;range3;range4;range3;range2;range4;range1;range4;range5;zero;male;3
range3;range5;range5;range4;range3;range1;range1;range7;range5;range5;range2;zero;male;4
range3;range6;range4;range4;range2;range3;range4;range4;range3;range5;range3;zero;male;5
range3;range4;range6;range3;range3;range3;range3;range7;range4;range4;range1;zero;male;6
range3;range1;range6;range5;range6;range1;range1;range7;range5;range7;range4;zero;male;7
range3;range2;range5;range2;range5;range3;range6;range3;range7;range6;range1;zero;male;8
range3;range1;range7;range2;range5;range7;range2;range7;range3;range5;range1;zero;male;9
range3;range5;range3;range3;range6;range4;range5;range5;range7;range4;range1;zero;male;10
range3;range4;range1;range5;range5;range7;range6;range7;range1;range1;range5;zero;male;0
range3;range3;range2;range5;range7;range7;range7;range3;range3;range1;range5;zero;male;1
range3;range5;range2;range3;range6;range6;range5;range2;range2;range1;range6;zero;male;2
range3;range6;range3;range3;range4;range3;range2;range4;range1;range4;range5;zero;male;3
range3;range5;range5;range4;range3;range1;range2;range7;range4;range5;range2;zero;male;4
range3;range6;range4;range4;range3;range2;range4;range4;range4;range5;range2;zero;male;5
range3;range4;range6;range3;range2;range4;range3;range7;range5;range4;range1;zero;male;6
range3;range1;range7;range4;range6;range1;range1;range6;range5;range7;range3;zero;male;7
range3;range3;range5;range2;range5;range3;range6;range3;range7;range5;range1;zero;male;8
range3;range1;range7;range3;range4;range6;range2;range6;range3;range6;range1;zero;male;9
range3;range4;range3;range3;range5;range3;range5;range4;range6;range5;range1;zero;male;10
range3;range3;range1;range6;range6;range7;range5;range7;range1;range1;range5;zero;male;0
range3;range3;range2;range4;range7;range7;range7;range4;range3;range1;range4;zero;male;1
range3;range4;range2;range4;range7;range6;range5;range2;range2;range1;range6;zero;male;2
range3;range5;range3;range3;range4;range4;range2;range4;range1;range4;range5;zero;male;3
range3;range5;range5;range3;range2;range2;range2;range7;range3;range5;range1;zero;male;4
range3;range6;range3;range4;range3;range2;range4;range4;range5;range5;range2;zero;male;5
range3;range4;range6;range3;range1;range4;range4;range7;range4;range5;range1;zero;male;6
range3;range1;range7;range4;range6;range1;range2;range7;range5;range7;range3;zero;male;7
range3;range3;range4;range2;range5;range4;range6;range4;range7;range6;range1;zero;male;8
range3;range1;range7;range3;range3;range6;range1;range6;range3;range6;range1;zero;male;9
range3;range4;range3;range3;range5;range3;range5;range5;range6;range5;range1;zero;male;10
range3;range3;range1;range6;range6;range7;range4;range7;range1;range1;range5;zero;male;0
range3;range3;range1;range4;range7;range7;range7;range5;range3;range1;range4;zero;male;1
range3;range4;range2;range4;range6;range7;range5;range2;range2;range1;range6;zero;male;2
range3;range5;range3;range3;range4;range4;range2;range4;range1;range4;range5;zero;male;3
range3;range5;range5;range3;range2;range2;range3;range7;range3;range5;range1;zero;male;4
range3;range6;range3;range4;range4;range3;range4;range3;range6;range3;range2;zero;male;5
range3;range4;range6;range3;range2;range4;range5;range7;range3;range5;range1;zero;male;6
range3;range1;range6;range5;range6;range1;range1;range7;range5;range7;range4;zero;male;7
range3;range2;range4;range3;range6;range4;range5;range3;range7;range6;range1;zero;male;8
range3;range1;range7;range4;range3;range6;range1;range6;range3;range5;range1;zero;male;9
range3;range5;range3;range3;range6;range3;range4;range5;range6;range6;range1;zero;male;10
range3;range2;range1;range6;range6;range7;range5;range7;range1;range1;range4;zero;male;0
range3;range3;range1;range4;range7;range7;range7;range4;range4;range1;range3;zero;male;1
range3;range5;range2;range3;range6;range7;range5;range2;range2;range1;range6;zero;male;2
range3;range4;range3;range3;range4;range4;range2;range4;range1;range4;range5;zero;male;3
range3;range5;range5;range3;range2;range1;range4;range7;range4;range5;range1;zero;male;4
range3;range5;range2;range4;range4;range4;range5;range3;range7;range3;range2;zero;male;5
range3;range3;range6;range4;range2;range4;range5;range7;range2;range5;range1;zero;male;6
range3;range2;range7;range3;range5;range1;range4;range7;range6;range7;range3;zero;male;7
range3;range2;range3;range4;range6;range5;range6;range1;range7;range5;range3;zero;male;8
range3;range1;range7;range2;range4;range6;range1;range6;range3;range5;range1;zero;male;9
range3;range5;range3;range3;range5;range3;range4;range6;range5;range6;range1;zero;male;10
range3;range4;range1;range4;range6;range7;range6;range5;range1;range4;range4;zero;male;0
range3;range6;range1;range3;range5;range7;range6;range3;range3;range2;range6;zero;male;1
range3;range7;range2;range4;range6;range6;range2;range1;range1;range4;range6;zero;male;2
range3;range7;range5;range4;range3;range5;range1;range6;range2;range2;range5;zero;male;3
range3;range6;range6;range5;range1;range1;range3;range5;range7;range1;range3;zero;male;4
range3;range6;range6;range5;range1;range3;range3;range5;range4;range1;range5;zero;male;5
range3;range5;range5;range7;range3;range1;range1;range2;range7;range5;range2;zero;male;6
range3;range1;range7;range6;range1;range3;range4;range7;range6;range5;range1;zero;male;7
range3;range2;range5;range6;range1;range6;range3;range7;range7;range1;range3;zero;male;8
range3;range1;range6;range7;range3;range7;range1;range6;range4;range1;range4;zero;male;9
range3;range6;range3;range6;range2;range5;range2;range4;range5;range1;range4;zero;male;10
range3;range3;range1;range5;range6;range7;range6;range5;range1;range4;range5;zero;male;0
range3;range6;range1;range3;range5;range7;range6;range3;range3;range1;range6;zero;male;1
range3;range7;range2;range3;range6;range6;range2;range1;range1;range4;range6;zero;male;2
range3;range7;range5;range4;range3;range5;range1;range6;range2;range2;range5;zero;male;3
range3;range6;range6;range5;range1;range1;range3;range4;range6;range2;range3;zero;male;4
range3;range6;range6;range4;range2;range2;range3;range6;range4;range1;range6;zero;male;5
range3;range5;range5;range7;range4;range1;range1;range2;range7;range5;range1;zero;male;6
range3;range1;range7;range4;range1;range3;range4;range7;range6;range4;range1;zero;male;7
range3;range2;range5;range6;range1;range6;range3;range7;range7;range1;range4;zero;male;8
range3;range1;range5;range7;range2;range7;range1;range6;range5;range1;range4;zero;male;9
range3;range6;range3;range5;range2;range5;range2;range4;range4;range1;range5;zero;male;10
range3;range3;range1;range5;range6;range7;range6;range5;range1;range3;range5;zero;male;0
range3;range5;range1;range4;range5;range7;range6;range2;range3;range2;range6;zero;male;1
range3;range7;range2;range3;range6;range6;range1;range2;range1;range4;range6;zero;male;2
range3;range7;range5;range4;range4;range4;range1;range5;range2;range3;range5;zero;male;3
range3;range6;range6;range5;range1;range1;range3;range5;range7;range1;range3;zero;male;4
range3;range6;range5;range5;range3;range2;range3;range6;range4;range1;range6;zero;male;5
range3;range5;range5;range7;range3;range1;range1;range2;range7;range5;range1;zero;male;6
range3;range1;range7;range3;range1;range5;range4;range7;range5;range3;range1;zero;male;7
range3;range2;range5;range6;range1;range6;range4;range6;range7;range1;range4;zero;male;8
range3;range1;range5;range7;range2;range7;range2;range6;range7;range1;range3;zero;male;9
range3;range5;range4;range4;range3;range5;range2;range5;range3;range1;range6;zero;male;10
range3;range3;range1;range5;range6;range7;range6;range5;range1;range3;range6;zero;male;0
range3;range4;range1;range5;range5;range7;range5;range1;range3;range2;range6;zero;male;1
range3;range6;range2;range4;range6;range5;range1;range2;range1;range5;range6;zero;male;2
range3;range7;range5;range4;range4;range4;range1;range5;range2;range3;range5;zero;male;3
range3;range6;range6;range5;range2;range1;range2;range5;range7;range2;range3;zero;male;4
range3;range6;range5;range5;range3;range2;range3;range6;range3;range1;range6;zero;male;5
range3;range5;range6;range6;range3;range1;range1;range4;range7;range3;range1;zero;male;6
range3;range1;range7;range2;range1;range5;range4;range7;range5;range2;range1;zero;male;7
range3;range2;range5;range5;range1;range7;range4;range5;range5;range1;range5;zero;male;8
range3;range1;range5;range7;range1;range7;range2;range5;range6;range1;range3;zero;male;9
range3;range5;range4;range3;range3;range5;range2;range5;range3;range1;range6;zero;male;10
range3;range1;range1;range6;range6;range7;range6;range4;range1;range4;range6;zero;male;0
range3;range4;range1;range5;range5;range7;range4;range2;range2;range2;range6;zero;male;1
range3;range6;range1;range3;range6;range5;range2;range2;range1;range5;range6;zero;male;2
range3;range7;range5;range4;range4;range4;range1;range4;range2;range2;range5;zero;male;3
range3;range6;range6;range5;range2;range1;range2;range6;range7;range2;range2;zero;male;4
range3;range5;range5;range4;range3;range3;range4;range5;range1;range1;range6;zero;male;5
range3;range4;range6;range6;range2;range1;range2;range6;range7;range1;range2;zero;male;6
range3;range1;range7;range1;range1;range6;range4;range7;range4;range2;range1;zero;male;7
range3;range2;range5;range5;range1;range7;range4;range4;range5;range1;range5;zero;male;8
range3;range1;range5;range7;range1;range6;range2;range4;range6;range1;range4;zero;male;9
range3;range5;range4;range3;range3;range5;range3;range4;range2;range1;range6;zero;male;10
range3;range1;range1;range7;range6;range7;range6;range3;range1;range4;range6;zero;male;0
range3;range4;range1;range4;range5;range7;range4;range2;range2;range1;range7;zero;male;1
range3;range6;range1;range3;range6;range6;range2;range3;range1;range4;range7;zero;male;2
range3;range7;range4;range4;range4;range3;range1;range4;range2;range2;range6;zero;male;3
range3;range6;range6;range5;range1;range1;range2;range6;range6;range3;range2;zero;male;4
range3;range5;range4;range2;range3;range5;range4;range3;range1;range2;range6;zero;male;5
range3;range4;range5;range5;range1;range1;range3;range6;range6;range1;range2;zero;male;6
range3;range1;range7;range2;range1;range5;range3;range7;range4;range3;range2;zero;male;7
range3;range1;range5;range5;range1;range7;range5;range2;range3;range2;range5;zero;male;8
range3;range1;range5;range7;range1;range7;range2;range5;range6;range1;range3;zero;male;9
range3;range5;range4;range3;range3;range5;range3;range5;range3;range1;range5;zero;male;10
range4;range1;range5;range7;range7;range4;range1;range1;range3;range5;range6;zero;male;0
range4;range1;range3;range7;range6;range7;range1;range1;range1;range3;range7;zero;male;1
range4;range3;range2;range6;range6;range6;range1;range1;range1;range4;range7;zero;male;2
range4;range3;range3;range4;range3;range4;range2;range5;range5;range3;range6;zero;male;3
range4;range5;range5;range1;range2;range2;range4;range7;range1;range2;range5;zero;male;4
range4;range4;range4;range1;range3;range3;range4;range6;range2;range3;range7;zero;male;5
range4;range3;range6;range3;range1;range3;range2;range7;range6;range1;range5;zero;male;6
range4;range1;range7;range3;range1;range4;range4;range5;range7;range1;range4;zero;male;7
range4;range1;range7;range5;range1;range6;range4;range3;range4;range1;range5;zero;male;8
range4;range1;range7;range4;range1;range4;range1;range7;range2;range2;range6;zero;male;9
range4;range2;range5;range5;range2;range6;range3;range2;range2;range3;range7;zero;male;10
range4;range1;range5;range7;range7;range4;range1;range1;range4;range6;range6;zero;male;0
range4;range1;range5;range7;range6;range6;range1;range1;range1;range4;range7;zero;male;1
range4;range2;range2;range6;range6;range6;range1;range1;range1;range4;range7;zero;male;2
range4;range3;range3;range4;range3;range4;range2;range5;range5;range3;range6;zero;male;3
range4;range5;range5;range2;range2;range2;range4;range7;range1;range3;range4;zero;male;4
range4;range3;range4;range2;range3;range2;range3;range7;range3;range2;range7;zero;male;5
range4;range2;range6;range3;range1;range3;range3;range7;range7;range1;range6;zero;male;6
range4;range1;range7;range2;range1;range6;range6;range4;range6;range1;range4;zero;male;7
range4;range1;range7;range3;range1;range7;range4;range4;range3;range1;range5;zero;male;8
range4;range1;range7;range4;range1;range5;range1;range7;range4;range2;range5;zero;male;9
range4;range1;range5;range5;range2;range6;range3;range2;range1;range3;range7;zero;male;10
range4;range1;range5;range7;range7;range3;range1;range1;range3;range6;range6;zero;male;0
range4;range1;range4;range7;range7;range6;range1;range1;range1;range3;range7;zero;male;1
range4;range2;range2;range6;range6;range6;range1;range1;range2;range4;range7;zero;male;2
range4;range3;range3;range3;range3;range5;range3;range4;range5;range3;range7;zero;male;3
range4;range3;range5;range2;range2;range2;range3;range7;range1;range4;range5;zero;male;4
range4;range3;range4;range2;range3;range2;range3;range6;range3;range3;range7;zero;male;5
range4;range2;range6;range4;range1;range3;range3;range6;range7;range1;range5;zero;male;6
range4;range1;range7;range1;range1;range7;range6;range5;range5;range1;range4;zero;male;7
range4;range1;range7;range2;range1;range7;range4;range5;range3;range1;range4;zero;male;8
range4;range1;range7;range3;range1;range6;range1;range7;range3;range2;range6;zero;male;9
range4;range1;range4;range4;range3;range7;range3;range2;range1;range3;range7;zero;male;10
range4;range1;range4;range7;range7;range2;range1;range1;range3;range6;range5;zero;male;0
range4;range1;range3;range7;range7;range7;range1;range1;range1;range2;range7;zero;male;1
range4;range1;range2;range6;range6;range6;range1;range2;range1;range4;range7;zero;male;2
range4;range3;range3;range2;range3;range5;range4;range4;range4;range2;range7;zero;male;3
range4;range2;range5;range3;range1;range3;range2;range7;range2;range4;range5;zero;male;4
range4;range2;range4;range2;range4;range3;range4;range6;range2;range3;range7;zero;male;5
range4;range2;range6;range4;range1;range4;range5;range6;range6;range1;range5;zero;male;6
range4;range1;range7;range1;range1;range7;range5;range5;range4;range1;range4;zero;male;7
range4;range1;range7;range3;range1;range7;range4;range5;range3;range1;range4;zero;male;8
range4;range1;range7;range4;range1;range5;range1;range6;range2;range5;range5;zero;male;9
range4;range2;range4;range3;range3;range7;range3;range2;range2;range3;range6;zero;male;10
range4;range1;range4;range7;range7;range3;range1;range1;range3;range7;range5;zero;male;0
range4;range1;range3;range7;range7;range7;range1;range1;range1;range2;range7;zero;male;1
range4;range1;range3;range6;range6;range6;range1;range2;range1;range4;range6;zero;male;2
range4;range3;range2;range2;range4;range4;range4;range6;range4;range2;range7;zero;male;3
range4;range2;range5;range2;range1;range4;range3;range7;range1;range4;range5;zero;male;4
range4;range2;range4;range1;range4;range4;range4;range6;range2;range3;range7;zero;male;5
range4;range2;range6;range2;range1;range5;range4;range7;range5;range1;range5;zero;male;6
range4;range1;range7;range1;range1;range7;range5;range6;range5;range2;range4;zero;male;7
range4;range1;range7;range4;range1;range6;range4;range4;range4;range1;range5;zero;male;8
range4;range1;range7;range1;range2;range6;range2;range4;range1;range5;range6;zero;male;9
range4;range1;range4;range4;range3;range7;range3;range2;range2;range4;range5;zero;male;10
range4;range1;range4;range7;range7;range3;range1;range1;range2;range7;range5;zero;male;0
range4;range1;range4;range7;range6;range7;range1;range1;range2;range3;range7;zero;male;1
range4;range1;range3;range6;range6;range6;range1;range3;range2;range3;range6;zero;male;2
range4;range3;range2;range2;range5;range2;range5;range6;range3;range3;range7;zero;male;3
range4;range3;range5;range1;range2;range4;range5;range7;range1;range3;range6;zero;male;4
range4;range2;range4;range1;range5;range5;range3;range6;range2;range3;range7;zero;male;5
range4;range2;range6;range3;range2;range3;range2;range7;range5;range1;range5;zero;male;6
range4;range1;range7;range1;range1;range6;range5;range6;range5;range3;range4;zero;male;7
range4;range1;range7;range3;range1;range7;range4;range2;range3;range1;range5;zero;male;8
range4;range1;range7;range1;range2;range6;range2;range3;range1;range4;range6;zero;male;9
range4;range1;range4;range4;range2;range7;range3;range2;range3;range5;range6;zero;male;10
range4;range7;range1;range1;range5;range5;range6;range7;range7;range4;range3;one;female;0
range4;range6;range1;range4;range4;range6;range7;range5;range4;range4;range2;one;female;1
range4;range6;range2;range4;range3;range7;range5;range3;range3;range4;range1;one;female;2
range4;range7;range4;range2;range1;range5;range2;range3;range4;range5;range4;one;female;3
range4;range6;range6;range4;range3;range2;range2;range3;range7;range6;range3;one;female;4
range4;range6;range3;range7;range5;range2;range3;range1;range6;range7;range4;one;female;5
range4;range5;range2;range7;range7;range2;range3;range1;range4;range7;range7;one;female;6
range4;range2;range7;range6;range1;range1;range3;range2;range7;range7;range6;one;female;7
range4;range2;range3;range7;range6;range1;range4;range1;range3;range6;range7;one;female;8
range4;range1;range3;range7;range6;range3;range4;range2;range2;range4;range7;one;female;9
range4;range5;range2;range6;range3;range3;range6;range2;range6;range7;range6;one;female;10
range4;range7;range1;range1;range5;range5;range6;range7;range7;range5;range3;one;female;0
range4;range6;range1;range3;range4;range6;range7;range5;range5;range5;range2;one;female;1
range4;range6;range2;range5;range4;range7;range5;range2;range2;range4;range1;one;female;2
range4;range7;range3;range2;range1;range4;range3;range2;range4;range6;range4;one;female;3
range4;range5;range6;range4;range3;range2;range2;range3;range7;range7;range3;one;female;4
range4;range6;range3;range6;range4;range2;range4;range3;range6;range7;range3;one;female;5
range4;range5;range2;range7;range7;range2;range3;range1;range4;range7;range7;one;female;6
range4;range2;range7;range7;range2;range1;range2;range2;range7;range7;range7;one;female;7
range4;range2;range5;range7;range5;range2;range4;range1;range4;range7;range7;one;female;8
range4;range1;range2;range7;range7;range3;range4;range2;range1;range3;range7;one;female;9
range4;range5;range1;range6;range4;range3;range6;range2;range6;range7;range6;one;female;10
range4;range7;range1;range1;range6;range6;range6;range7;range7;range4;range2;one;female;0
range4;range7;range1;range2;range3;range5;range7;range6;range7;range7;range4;one;female;1
range4;range6;range1;range6;range4;range6;range6;range2;range2;range4;range3;one;female;2
range4;range7;range3;range3;range1;range4;range3;range2;range5;range6;range4;one;female;3
range4;range5;range6;range5;range4;range2;range2;range3;range7;range7;range3;one;female;4
range4;range6;range3;range7;range4;range1;range5;range4;range5;range6;range3;one;female;5
range4;range6;range2;range7;range7;range2;range3;range1;range3;range6;range7;one;female;6
range4;range2;range6;range7;range3;range1;range1;range1;range7;range7;range7;one;female;7
range4;range2;range4;range7;range6;range1;range4;range2;range4;range6;range7;one;female;8
range4;range1;range2;range7;range7;range3;range5;range1;range1;range3;range7;one;female;9
range4;range5;range1;range5;range4;range3;range5;range2;range6;range7;range6;one;female;10
range4;range5;range1;range2;range7;range6;range7;range7;range6;range2;range2;one;female;0
range4;range7;range1;range2;range2;range3;range7;range5;range7;range7;range5;one;female;1
range4;range6;range2;range5;range4;range6;range6;range2;range4;range4;range2;one;female;2
range4;range7;range2;range3;range1;range4;range3;range2;range5;range6;range4;one;female;3
range4;range5;range6;range6;range4;range2;range1;range2;range6;range7;range3;one;female;4
range4;range5;range3;range7;range5;range1;range5;range4;range5;range6;range3;one;female;5
range4;range6;range1;range7;range7;range3;range3;range1;range3;range6;range7;one;female;6
range4;range2;range6;range7;range3;range1;range1;range1;range6;range7;range7;one;female;7
range4;range3;range4;range7;range5;range1;range5;range4;range5;range6;range7;one;female;8
range4;range1;range2;range7;range7;range3;range5;range2;range1;range3;range7;one;female;9
range4;range4;range2;range5;range3;range3;range5;range3;range6;range7;range6;one;female;10
range4;range4;range1;range5;range7;range7;range6;range7;range4;range2;range2;one;female;0
range4;range7;range1;range2;range3;range3;range7;range5;range7;range6;range5;one;female;1
range4;range7;range1;range3;range3;range5;range6;range3;range6;range5;range3;one;female;2
range4;range7;range2;range4;range2;range5;range3;range2;range5;range6;range3;one;female;3
range4;range4;range5;range6;range4;range2;range1;range2;range5;range7;range4;one;female;4
range4;range5;range3;range7;range5;range2;range6;range4;range5;range5;range3;one;female;5
range4;range5;range2;range7;range7;range2;range3;range1;range3;range7;range7;one;female;6
range4;range2;range7;range6;range3;range1;range1;range1;range6;range7;range7;one;female;7
range4;range2;range4;range7;range4;range2;range5;range2;range6;range7;range7;one;female;8
range4;range1;range2;range7;range7;range3;range3;range2;range2;range2;range7;one;female;9
range4;range3;range4;range3;range4;range5;range5;range5;range6;range6;range3;one;female;10
range4;range4;range1;range4;range6;range7;range6;range5;range4;range2;range1;one;female;0
range4;range7;range1;range3;range3;range4;range7;range5;range7;range6;range4;one;female;1
range4;range7;range1;range3;range2;range4;range6;range3;range6;range7;range4;one;female;2
range4;range7;range2;range4;range2;range6;range3;range1;range4;range5;range3;one;female;3
range4;range5;range5;range6;range5;range2;range2;range1;range6;range7;range4;one;female;4
range4;range5;range3;range6;range4;range2;range7;range4;range5;range5;range4;one;female;5
range4;range4;range3;range7;range7;range1;range3;range1;range4;range7;range7;one;female;6
range4;range2;range7;range6;range2;range1;range1;range1;range7;range7;range6;one;female;7
range4;range2;range5;range7;range4;range2;range6;range1;range6;range6;range5;one;female;8
range4;range1;range2;range7;range7;range3;range4;range2;range1;range2;range7;one;female;9
range4;range4;range4;range3;range3;range6;range5;range6;range5;range7;range3;one;female;10
range5;range4;range1;range2;range7;range6;range7;range5;range5;range1;range2;one;female;0
range5;range4;range2;range3;range7;range5;range6;range3;range5;range1;range2;one;female;1
range5;range7;range2;range1;range5;range2;range3;range3;range6;range3;range5;one;female;2
range5;range7;range4;range2;range4;range1;range4;range5;range2;range4;range2;one;female;3
range5;range5;range6;range1;range3;range2;range5;range6;range2;range5;range4;one;female;4
range5;range6;range5;range2;range3;range2;range2;range4;range6;range3;range4;one;female;5
range5;range4;range6;range3;range2;range2;range5;range6;range6;range3;range2;one;female;6
range5;range2;range7;range4;range3;range1;range2;range6;range5;range7;range4;one;female;7
range5;range2;range6;range3;range3;range2;range6;range3;range4;range6;range2;one;female;8
range5;range1;range6;range6;range4;range2;range6;range3;range3;range7;range4;one;female;9
range5;range3;range4;range3;range4;range4;range5;range5;range5;range2;range3;one;female;10
range5;range4;range1;range1;range7;range6;range7;range5;range6;range1;range2;one;female;0
range5;range4;range2;range3;range7;range5;range6;range4;range4;range2;range1;one;female;1
range5;range7;range2;range1;range5;range3;range3;range3;range6;range3;range4;one;female;2
range5;range7;range4;range2;range4;range1;range3;range6;range2;range5;range2;one;female;3
range5;range5;range6;range1;range3;range2;range6;range4;range2;range4;range4;one;female;4
range5;range6;range5;range2;range3;range2;range2;range4;range6;range2;range4;one;female;5
range5;range4;range6;range2;range1;range2;range5;range6;range5;range3;range2;one;female;6
range5;range2;range7;range4;range3;range1;range4;range5;range5;range7;range3;one;female;7
range5;range2;range6;range2;range3;range3;range7;range2;range5;range4;range2;one;female;8
range5;range1;range7;range5;range5;range2;range7;range1;range5;range6;range3;one;female;9
range5;range3;range4;range4;range4;range4;range5;range5;range5;range2;range3;one;female;10
range5;range5;range1;range1;range7;range6;range7;range5;range6;range1;range2;one;female;0
range5;range3;range2;range4;range6;range5;range6;range4;range4;range2;range1;one;female;1
range5;range7;range2;range1;range4;range3;range2;range4;range6;range4;range4;one;female;2
range5;range7;range3;range2;range5;range1;range3;range6;range3;range5;range2;one;female;3
range5;range5;range6;range1;range3;range2;range6;range4;range2;range5;range4;one;female;4
range5;range6;range5;range2;range3;range2;range2;range3;range6;range2;range4;one;female;5
range5;range4;range6;range1;range1;range3;range6;range5;range5;range2;range2;one;female;6
range5;range2;range7;range4;range3;range1;range6;range4;range7;range5;range4;one;female;7
range5;range2;range7;range1;range4;range4;range6;range2;range5;range3;range2;one;female;8
range5;range1;range7;range5;range5;range2;range7;range1;range5;range6;range3;one;female;9
range5;range3;range4;range3;range4;range4;range6;range5;range4;range2;range3;one;female;10
range5;range5;range1;range2;range7;range6;range7;range5;range6;range1;range2;one;female;0
range5;range3;range3;range4;range6;range5;range6;range3;range4;range2;range1;one;female;1
range5;range7;range2;range1;range5;range3;range2;range4;range5;range4;range3;one;female;2
range5;range7;range3;range2;range5;range1;range2;range6;range3;range5;range2;one;female;3
range5;range5;range6;range1;range3;range2;range6;range3;range3;range4;range4;one;female;4
range5;range6;range5;range2;range3;range2;range3;range3;range6;range3;range4;one;female;5
range5;range4;range6;range1;range2;range3;range5;range6;range5;range2;range2;one;female;6
range5;range2;range7;range4;range3;range1;range5;range5;range6;range6;range3;one;female;7
range5;range1;range7;range1;range4;range5;range6;range3;range3;range5;range1;one;female;8
range5;range1;range7;range6;range5;range2;range6;range4;range2;range7;range4;one;female;9
range5;range3;range4;range3;range4;range4;range6;range4;range4;range3;range3;one;female;10
range5;range4;range1;range2;range7;range6;range7;range4;range5;range1;range1;one;female;0
range5;range3;range3;range4;range6;range5;range6;range3;range4;range1;range2;one;female;1
range5;range7;range2;range1;range5;range3;range3;range4;range6;range4;range3;one;female;2
range5;range7;range3;range2;range4;range1;range2;range6;range3;range5;range2;one;female;3
range5;range5;range6;range1;range3;range2;range6;range5;range3;range5;range4;one;female;4
range5;range5;range5;range2;range3;range3;range3;range4;range5;range3;range3;one;female;5
range5;range4;range6;range1;range2;range3;range5;range6;range5;range2;range2;one;female;6
range5;range2;range7;range4;range3;range1;range5;range4;range7;range6;range4;one;female;7
range5;range1;range7;range1;range4;range6;range5;range3;range2;range5;range2;one;female;8
range5;range1;range7;range6;range4;range2;range5;range4;range2;range7;range4;one;female;9
range5;range3;range4;range3;range4;range4;range6;range4;range4;range2;range3;one;female;10
range5;range4;range1;range2;range7;range6;range7;range4;range5;range1;range1;one;female;0
range5;range2;range4;range4;range6;range5;range5;range4;range3;range1;range2;one;female;1
range5;range7;range2;range1;range5;range3;range3;range4;range6;range4;range4;one;female;2
range5;range7;range3;range2;range4;range1;range3;range6;range3;range4;range2;one;female;3
range5;range5;range5;range1;range3;range1;range6;range4;range4;range4;range3;one;female;4
range5;range5;range5;range1;range4;range4;range4;range4;range4;range2;range4;one;female;5
range5;range4;range6;range1;range1;range3;range6;range4;range4;range2;range3;one;female;6
range5;range2;range7;range4;range2;range1;range4;range6;range5;range7;range4;one;female;7
range5;range1;range7;range1;range5;range6;range5;range1;range2;range3;range2;one;female;8
range5;range1;range7;range5;range4;range3;range5;range4;range2;range7;range4;one;female;9
range5;range3;range5;range3;range4;range4;range6;range4;range3;range2;range3;one;female;10
range5;range2;range1;range5;range7;range6;range7;range7;range2;range4;range1;one;female;0
range5;range5;range2;range2;range6;range6;range7;range5;range6;range3;range2;one;female;1
range5;range5;range2;range2;range3;range7;range3;range4;range5;range2;range4;one;female;2
range5;range6;range4;range1;range3;range6;range2;range4;range6;range4;range1;one;female;3
range5;range5;range6;range6;range1;range3;range5;range4;range6;range6;range1;one;female;4
range5;range6;range6;range1;range1;range6;range5;range4;range4;range6;range1;one;female;5
range5;range5;range7;range5;range1;range3;range5;range6;range7;range6;range1;one;female;6
range5;range2;range7;range6;range2;range2;range2;range2;range7;range5;range3;one;female;7
range5;range2;range7;range2;range4;range4;range2;range7;range7;range6;range3;one;female;8
range5;range1;range6;range3;range6;range3;range4;range5;range5;range7;range1;one;female;9
range5;range3;range3;range3;range4;range6;range3;range6;range6;range1;range3;one;female;10
range5;range2;range1;range5;range7;range6;range7;range7;range1;range4;range1;one;female;0
range5;range4;range2;range2;range6;range6;range7;range5;range7;range3;range2;one;female;1
range5;range6;range2;range2;range3;range7;range3;range5;range5;range2;range3;one;female;2
range5;range6;range4;range1;range4;range5;range1;range5;range6;range3;range2;one;female;3
range5;range5;range6;range5;range1;range3;range5;range5;range6;range5;range1;one;female;4
range5;range6;range6;range2;range1;range6;range6;range3;range3;range6;range1;one;female;5
range5;range4;range7;range6;range1;range2;range5;range6;range6;range7;range1;one;female;6
range5;range2;range7;range7;range2;range2;range1;range2;range7;range6;range3;one;female;7
range5;range2;range7;range2;range4;range5;range3;range7;range7;range5;range3;one;female;8
range5;range1;range6;range2;range5;range4;range3;range6;range5;range7;range2;one;female;9
range5;range3;range3;range4;range4;range6;range2;range5;range7;range2;range3;one;female;10
range5;range2;range1;range5;range7;range5;range7;range6;range2;range3;range1;one;female;0
range5;range4;range2;range2;range6;range6;range7;range6;range7;range3;range1;one;female;1
range5;range6;range3;range2;range4;range7;range3;range6;range4;range3;range3;one;female;2
range5;range6;range4;range1;range4;range5;range2;range4;range6;range3;range2;one;female;3
range5;range5;range6;range6;range1;range3;range5;range5;range6;range6;range1;one;female;4
range5;range6;range6;range3;range1;range5;range6;range4;range3;range6;range1;one;female;5
range5;range4;range7;range7;range1;range1;range5;range7;range6;range7;range2;one;female;6
range5;range2;range7;range6;range1;range2;range2;range3;range7;range6;range4;one;female;7
range5;range2;range7;range2;range3;range5;range4;range7;range6;range5;range3;one;female;8
range5;range1;range6;range3;range4;range4;range4;range6;range5;range7;range2;one;female;9
range5;range3;range3;range5;range4;range6;range2;range4;range7;range2;range3;one;female;10
range5;range3;range1;range4;range7;range5;range7;range6;range4;range4;range1;one;female;0
range5;range4;range2;range2;range6;range6;range7;range6;range7;range4;range1;one;female;1
range5;range6;range3;range1;range4;range6;range3;range6;range4;range3;range3;one;female;2
range5;range6;range4;range1;range3;range6;range2;range4;range6;range4;range1;one;female;3
range5;range5;range6;range6;range1;range3;range5;range5;range5;range6;range1;one;female;4
range5;range6;range5;range4;range1;range5;range6;range4;range2;range6;range2;one;female;5
range5;range5;range6;range7;range1;range1;range5;range7;range5;range7;range2;one;female;6
range5;range2;range7;range6;range1;range1;range4;range4;range7;range5;range3;one;female;7
range5;range2;range6;range3;range2;range5;range2;range6;range7;range6;range4;one;female;8
range5;range1;range6;range4;range4;range3;range5;range5;range5;range7;range3;one;female;9
range5;range3;range3;range5;range4;range6;range3;range5;range7;range3;range2;one;female;10
range5;range3;range1;range4;range7;range5;range7;range6;range4;range3;range1;one;female;0
range5;range4;range1;range2;range5;range6;range7;range5;range7;range5;range1;one;female;1
range5;range5;range3;range2;range5;range6;range3;range6;range4;range2;range3;one;female;2
range5;range6;range4;range2;range2;range6;range2;range3;range6;range5;range1;one;female;3
range5;range6;range6;range5;range1;range3;range6;range6;range5;range6;range1;one;female;4
range5;range6;range5;range5;range1;range4;range7;range6;range2;range6;range2;one;female;5
range5;range5;range6;range7;range1;range1;range3;range7;range5;range7;range3;one;female;6
range5;range2;range7;range6;range1;range1;range4;range4;range7;range6;range4;one;female;7
range5;range2;range5;range5;range4;range5;range1;range3;range7;range7;range5;one;female;8
range5;range1;range7;range4;range4;range3;range5;range4;range4;range7;range3;one;female;9
range5;range3;range3;range4;range4;range6;range3;range5;range6;range3;range2;one;female;10
range5;range4;range1;range3;range7;range5;range7;range6;range4;range2;range1;one;female;0
range5;range5;range1;range3;range5;range5;range7;range4;range7;range5;range1;one;female;1
range5;range4;range3;range3;range4;range7;range4;range4;range4;range2;range3;one;female;2
range5;range6;range4;range2;range2;range6;range3;range3;range5;range5;range1;one;female;3
range5;range6;range6;range6;range1;range2;range6;range7;range4;range6;range1;one;female;4
range5;range5;range4;range6;range1;range4;range6;range6;range3;range6;range2;one;female;5
range5;range4;range5;range7;range1;range1;range2;range7;range4;range7;range3;one;female;6
range5;range2;range6;range7;range2;range1;range2;range2;range7;range7;range5;one;female;7
range5;range2;range6;range4;range5;range4;range2;range4;range6;range7;range4;one;female;8
range5;range1;range7;range4;range4;range4;range4;range6;range4;range7;range4;one;female;9
range5;range3;range2;range4;range4;range5;range2;range5;range6;range4;range3;one;female;10
range6;range6;range1;range1;range6;range6;range7;range4;range6;range1;range2;one;female;0
range6;range5;range2;range3;range6;range7;range6;range4;range4;range1;range2;one;female;1
range6;range7;range2;range2;range3;range7;range3;range6;range4;range1;range2;one;female;2
range6;range7;range3;range5;range1;range5;range2;range5;range2;range5;range3;one;female;3
range6;range6;range4;range5;range3;range3;range3;range2;range3;range6;range2;one;female;4
range6;range6;range3;range5;range4;range4;range3;range2;range4;range6;range2;one;female;5
range6;range4;range6;range3;range3;range3;range1;range6;range4;range7;range3;one;female;6
range6;range2;range7;range1;range3;range3;range6;range7;range5;range5;range2;one;female;7
range6;range2;range7;range2;range2;range3;range7;range6;range6;range2;range3;one;female;8
range6;range2;range2;range4;range6;range5;range7;range3;range4;range3;range4;one;female;9
range6;range4;range4;range5;range4;range7;range3;range4;range3;range5;range1;one;female;10
range6;range6;range1;range1;range6;range6;range7;range5;range5;range1;range2;one;female;0
range6;range5;range2;range3;range5;range7;range6;range6;range3;range3;range1;one;female;1
range6;range7;range2;range4;range3;range7;range4;range5;range4;range2;range1;one;female;2
range6;range7;range3;range5;range2;range5;range2;range5;range3;range5;range3;one;female;3
range6;range6;range4;range5;range3;range3;range2;range3;range3;range7;range2;one;female;4
range6;range6;range3;range5;range4;range4;range2;range2;range4;range7;range2;one;female;5
range6;range4;range6;range3;range2;range4;range1;range6;range4;range7;range3;one;female;6
range6;range2;range7;range1;range3;range4;range5;range7;range5;range5;range2;one;female;7
range6;range2;range7;range3;range2;range2;range6;range7;range6;range2;range3;one;female;8
range6;range2;range2;range4;range6;range5;range7;range3;range4;range2;range4;one;female;9
range6;range4;range4;range5;range4;range7;range3;range4;range3;range5;range1;one;female;10
range6;range6;range1;range1;range6;range6;range7;range5;range5;range1;range2;one;female;0
range6;range5;range2;range3;range5;range7;range5;range6;range3;range4;range2;one;female;1
range6;range6;range2;range4;range3;range7;range5;range5;range4;range2;range1;one;female;2
range6;range7;range3;range5;range2;range5;range2;range5;range3;range4;range4;one;female;3
range6;range6;range4;range5;range3;range3;range2;range3;range4;range7;range2;one;female;4
range6;range6;range3;range5;range4;range4;range2;range3;range4;range7;range2;one;female;5
range6;range4;range6;range4;range1;range4;range2;range7;range3;range7;range2;one;female;6
range6;range2;range7;range1;range1;range4;range4;range7;range5;range6;range4;one;female;7
range6;range2;range7;range3;range2;range3;range6;range7;range5;range3;range3;one;female;8
range6;range1;range2;range4;range7;range5;range7;range3;range4;range3;range3;one;female;9
range6;range4;range4;range4;range5;range7;range3;range5;range4;range4;range1;one;female;10
range6;range6;range1;range1;range6;range6;range7;range5;range5;range1;range2;one;female;0
range6;range5;range2;range3;range5;range7;range5;range7;range3;range4;range2;one;female;1
range6;range7;range2;range3;range3;range7;range4;range6;range4;range2;range1;one;female;2
range6;range7;range3;range5;range2;range5;range2;range5;range2;range4;range4;one;female;3
range6;range5;range4;range4;range4;range3;range2;range2;range4;range7;range1;one;female;4
range6;range6;range3;range5;range3;range5;range3;range3;range3;range6;range2;one;female;5
range6;range4;range6;range3;range2;range3;range3;range7;range3;range7;range1;one;female;6
range6;range2;range7;range1;range2;range4;range5;range7;range6;range4;range4;one;female;7
range6;range2;range7;range2;range3;range4;range6;range7;range5;range4;range3;one;female;8
range6;range1;range3;range4;range7;range5;range7;range3;range3;range3;range3;one;female;9
range6;range4;range4;range4;range4;range7;range3;range5;range3;range5;range1;one;female;10
range6;range6;range1;range1;range5;range6;range7;range6;range5;range1;range1;one;female;0
range6;range5;range1;range4;range5;range7;range5;range7;range3;range5;range2;one;female;1
range6;range6;range2;range3;range3;range7;range4;range6;range4;range2;range1;one;female;2
range6;range7;range3;range5;range2;range4;range3;range5;range2;range4;range3;one;female;3
range6;range5;range4;range3;range4;range2;range3;range2;range5;range6;range1;one;female;4
range6;range5;range3;range6;range3;range5;range3;range4;range2;range6;range2;one;female;5
range6;range4;range6;range2;range2;range4;range4;range7;range3;range7;range1;one;female;6
range6;range2;range7;range2;range2;range3;range5;range6;range6;range5;range5;one;female;7
range6;range1;range7;range4;range3;range3;range5;range7;range5;range5;range3;one;female;8
range6;range1;range3;range4;range7;range5;range7;range2;range3;range3;range3;one;female;9
range6;range3;range4;range4;range5;range6;range4;range3;range4;range4;range1;one;female;10
range6;range6;range1;range1;range5;range5;range7;range6;range5;range2;range1;one;female;0
range6;range5;range1;range3;range5;range7;range5;range7;range3;range5;range2;one;female;1
range6;range6;range2;range3;range4;range7;range4;range6;range4;range2;range2;one;female;2
range6;range7;range3;range5;range2;range4;range3;range5;range2;range4;range3;one;female;3
range6;range5;range4;range3;range4;range2;range3;range2;range5;range7;range2;one;female;4
range6;range5;range3;range6;range3;range6;range4;range5;range2;range5;range2;one;female;5
range6;range4;range6;range1;range1;range5;range4;range7;range3;range6;range1;one;female;6
range6;range2;range7;range2;range2;range3;range4;range7;range4;range6;range5;one;female;7
range6;range1;range6;range3;range4;range3;range6;range7;range4;range5;range3;one;female;8
range6;range1;range3;range4;range7;range5;range7;range2;range4;range3;range3;one;female;9
range6;range4;range3;range3;range5;range6;range3;range4;range5;range3;range1;one;female;10
range6;range3;range1;range6;range7;range7;range6;range1;range1;range3;range7;one;male;0
range6;range3;range2;range6;range7;range7;range2;range1;range2;range2;range7;one;male;1
range6;range5;range3;range6;range4;range5;range1;range2;range3;range5;range6;one;male;2
range6;range7;range5;range5;range2;range4;range2;range3;range2;range4;range6;one;male;3
range6;range7;range7;range2;range1;range5;range5;range5;range1;range2;range6;one;male;4
range6;range6;range5;range5;range1;range4;range4;range3;range3;range2;range5;one;male;5
range6;range5;range7;range4;range1;range2;range6;range6;range4;range1;range5;one;male;6
range6;range3;range7;range3;range1;range3;range7;range7;range4;range5;range1;one;male;7
range6;range2;range7;range2;range2;range3;range5;range6;range3;range3;range1;one;male;8
range6;range1;range7;range5;range3;range4;range3;range3;range6;range2;range1;one;male;9
range6;range4;range5;range3;range4;range5;range4;range2;range4;range3;range5;one;male;10
range6;range3;range1;range6;range7;range7;range7;range1;range1;range5;range6;one;male;0
range6;range4;range2;range5;range7;range7;range3;range1;range2;range2;range7;one;male;1
range6;range6;range3;range6;range5;range5;range1;range2;range3;range4;range7;one;male;2
range6;range7;range5;range6;range2;range4;range3;range2;range2;range4;range5;one;male;3
range6;range7;range7;range3;range1;range4;range5;range5;range2;range2;range5;one;male;4
range6;range6;range5;range4;range1;range5;range4;range4;range3;range3;range4;one;male;5
range6;range5;range7;range4;range1;range3;range6;range5;range4;range1;range4;one;male;6
range6;range4;range7;range4;range1;range3;range7;range7;range4;range5;range1;one;male;7
range6;range2;range7;range4;range3;range4;range2;range6;range4;range5;range4;one;male;8
range6;range1;range6;range6;range2;range3;range4;range2;range7;range3;range1;one;male;9
range6;range4;range5;range3;range4;range5;range4;range2;range3;range3;range5;one;male;10
range6;range3;range1;range6;range7;range7;range7;range1;range1;range5;range6;one;male;0
range6;range4;range2;range5;range6;range7;range3;range1;range3;range3;range7;one;male;1
range6;range6;range3;range6;range6;range5;range1;range1;range3;range5;range6;one;male;2
range6;range7;range5;range6;range2;range5;range2;range3;range2;range4;range4;one;male;3
range6;range6;range7;range2;range1;range4;range5;range5;range2;range2;range5;one;male;4
range6;range6;range5;range4;range2;range4;range3;range5;range3;range3;range4;one;male;5
range6;range5;range7;range5;range1;range3;range7;range5;range4;range1;range4;one;male;6
range6;range3;range7;range3;range1;range3;range6;range7;range4;range4;range2;one;male;7
range6;range2;range6;range5;range3;range4;range1;range7;range4;range6;range5;one;male;8
range6;range1;range6;range7;range3;range3;range4;range2;range7;range4;range1;one;male;9
range6;range4;range6;range3;range4;range5;range4;range2;range3;range3;range5;one;male;10
range6;range3;range1;range6;range7;range7;range6;range1;range1;range4;range6;one;male;0
range6;range4;range2;range5;range6;range7;range3;range1;range3;range3;range7;one;male;1
range6;range5;range3;range6;range6;range4;range2;range1;range1;range5;range7;one;male;2
range6;range7;range5;range6;range2;range5;range2;range3;range2;range4;range5;one;male;3
range6;range6;range7;range1;range1;range4;range6;range5;range1;range1;range7;one;male;4
range6;range6;range5;range5;range3;range4;range3;range5;range3;range3;range4;one;male;5
range6;range5;range7;range3;range1;range4;range6;range7;range3;range1;range5;one;male;6
range6;range3;range7;range3;range1;range2;range5;range7;range4;range3;range2;one;male;7
range6;range2;range6;range5;range2;range4;range2;range7;range3;range7;range5;one;male;8
range6;range1;range6;range6;range3;range3;range3;range2;range7;range4;range1;one;male;9
range6;range4;range5;range3;range4;range5;range3;range2;range4;range3;range5;one;male;10
range6;range5;range1;range5;range7;range7;range7;range1;range1;range4;range6;one;male;0
range6;range3;range2;range6;range6;range7;range2;range1;range2;range4;range7;one;male;1
range6;range5;range3;range6;range6;range4;range1;range2;range1;range5;range7;one;male;2
range6;range7;range5;range5;range2;range5;range1;range2;range2;range5;range5;one;male;3
range6;range6;range7;range1;range1;range4;range6;range5;range2;range1;range7;one;male;4
range6;range5;range5;range4;range4;range4;range3;range4;range2;range3;range6;one;male;5
range6;range5;range7;range2;range1;range5;range6;range7;range3;range1;range6;one;male;6
range6;range3;range7;range3;range1;range2;range5;range7;range5;range3;range1;one;male;7
range6;range2;range7;range3;range3;range3;range6;range7;range5;range5;range1;one;male;8
range6;range1;range6;range6;range3;range3;range3;range2;range7;range3;range1;one;male;9
range6;range4;range6;range4;range4;range4;range3;range3;range4;range3;range5;one;male;10
range6;range6;range1;range4;range7;range7;range6;range1;range1;range4;range6;one;male;0
range6;range3;range4;range6;range7;range6;range1;range1;range2;range4;range7;one;male;1
range6;range5;range3;range5;range6;range5;range1;range3;range1;range4;range7;one;male;2
range6;range7;range5;range5;range3;range6;range1;range2;range3;range4;range6;one;male;3
range6;range6;range7;range1;range1;range3;range6;range5;range2;range1;range7;one;male;4
range6;range5;range6;range4;range4;range4;range2;range5;range2;range4;range6;one;male;5
range6;range5;range7;range1;range1;range5;range5;range7;range2;range1;range5;one;male;6
range6;range3;range7;range2;range1;range3;range5;range7;range4;range2;range2;one;male;7
range6;range2;range6;range1;range3;range4;range6;range7;range4;range3;range1;one;male;8
range6;range1;range7;range6;range2;range3;range4;range3;range7;range3;range1;one;male;9
range6;range4;range6;range4;range4;range4;range2;range3;range5;range4;range4;one;male;10
range7;range1;range2;range7;range7;range6;range1;range1;range2;range4;range7;one;male;0
range7;range2;range4;range7;range6;range6;range1;range2;range1;range3;range7;one;male;1
range7;range4;range3;range5;range6;range3;range1;range4;range1;range5;range7;one;male;2
range7;range5;range4;range3;range5;range2;range4;range5;range2;range5;range6;one;male;3
range7;range5;range6;range2;range4;range2;range7;range5;range1;range3;range6;one;male;4
range7;range4;range4;range2;range5;range6;range4;range3;range1;range2;range7;one;male;5
range7;range4;range7;range1;range5;range4;range7;range4;range2;range1;range5;one;male;6
range7;range3;range7;range1;range2;range6;range5;range4;range2;range2;range4;one;male;7
range7;range2;range4;range3;range5;range6;range3;range2;range2;range3;range6;one;male;8
range7;range2;range5;range5;range7;range7;range1;range1;range1;range2;range5;one;male;9
range7;range3;range6;range5;range5;range6;range2;range3;range1;range2;range7;one;male;10
range7;range1;range2;range7;range7;range6;range1;range1;range3;range4;range7;one;male;0
range7;range2;range4;range7;range6;range7;range1;range1;range1;range4;range6;one;male;1
range7;range5;range2;range5;range7;range2;range2;range3;range1;range6;range7;one;male;2
range7;range4;range4;range3;range5;range2;range4;range5;range2;range4;range6;one;male;3
range7;range5;range6;range1;range4;range2;range7;range4;range1;range4;range6;one;male;4
range7;range4;range4;range3;range5;range6;range4;range3;range1;range2;range7;one;male;5
range7;range3;range7;range1;range5;range5;range7;range3;range1;range1;range4;one;male;6
range7;range2;range7;range1;range1;range5;range5;range5;range2;range3;range3;one;male;7
range7;range2;range5;range4;range5;range6;range3;range1;range2;range3;range6;one;male;8
range7;range2;range5;range5;range7;range7;range1;range1;range1;range2;range5;one;male;9
range7;range3;range5;range5;range5;range6;range2;range3;range1;range2;range7;one;male;10
range7;range1;range3;range7;range7;range6;range1;range1;range3;range4;range7;one;male;0
range7;range2;range5;range7;range6;range7;range1;range1;range1;range3;range7;one;male;1
range7;range5;range2;range5;range7;range3;range2;range4;range1;range5;range7;one;male;2
range7;range4;range3;range3;range5;range1;range4;range6;range2;range4;range7;one;male;3
range7;range5;range6;range1;range4;range2;range7;range4;range1;range3;range7;one;male;4
range7;range4;range4;range2;range5;range6;range4;range3;range1;range2;range7;one;male;5
range7;range3;range7;range1;range5;range4;range7;range4;range1;range1;range4;one;male;6
range7;range2;range7;range1;range1;range4;range6;range4;range3;range3;range2;one;male;7
range7;range2;range5;range5;range5;range6;range3;range2;range2;range3;range6;one;male;8
range7;range2;range5;range5;range7;range7;range1;range1;range1;range2;range5;one;male;9
range7;range3;range5;range5;range5;range6;range2;range3;range1;range2;range7;one;male;10
range7;range1;range3;range7;range7;range6;range1;range1;range2;range5;range7;one;male;0
range7;range2;range4;range7;range5;range7;range1;range1;range2;range2;range7;one;male;1
range7;range5;range2;range5;range7;range3;range2;range4;range1;range5;range7;one;male;2
range7;range4;range3;range3;range5;range1;range4;range6;range2;range5;range6;one;male;3
range7;range5;range6;range1;range4;range2;range7;range5;range1;range2;range6;one;male;4
range7;range3;range4;range2;range5;range6;range4;range2;range1;range3;range6;one;male;5
range7;range3;range7;range1;range4;range5;range6;range5;range1;range1;range4;one;male;6
range7;range2;range7;range1;range1;range4;range6;range3;range4;range1;range3;one;male;7
range7;range2;range5;range4;range6;range6;range4;range2;range1;range2;range6;one;male;8
range7;range2;range5;range4;range7;range7;range1;range1;range1;range2;range5;one;male;9
range7;range3;range5;range5;range5;range5;range2;range3;range1;range2;range7;one;male;10
range7;range1;range3;range7;range7;range6;range1;range1;range2;range5;range7;one;male;0
range7;range2;range4;range7;range6;range7;range1;range2;range1;range2;range7;one;male;1
range7;range5;range2;range5;range7;range2;range3;range2;range1;range6;range7;one;male;2
range7;range4;range3;range3;range5;range1;range4;range5;range1;range5;range6;one;male;3
range7;range5;range6;range1;range4;range2;range7;range4;range2;range1;range6;one;male;4
range7;range3;range4;range3;range5;range6;range3;range2;range1;range3;range7;one;male;5
range7;range3;range7;range1;range5;range6;range5;range5;range1;range1;range5;one;male;6
range7;range2;range7;range1;range2;range4;range5;range5;range3;range1;range3;one;male;7
range7;range2;range5;range4;range6;range7;range4;range2;range1;range1;range6;one;male;8
range7;range2;range5;range5;range7;range7;range2;range1;range1;range1;range4;one;male;9
range7;range3;range6;range5;range5;range5;range1;range2;range1;range2;range7;one;male;10
range7;range1;range2;range7;range7;range6;range1;range1;range2;range5;range7;one;male;0
range7;range2;range4;range6;range6;range7;range1;range3;range1;range3;range7;one;male;1
range7;range4;range2;range5;range7;range3;range3;range2;range1;range5;range7;one;male;2
range7;range4;range4;range3;range5;range2;range4;range4;range1;range5;range6;one;male;3
range7;range5;range6;range2;range3;range2;range6;range6;range2;range1;range6;one;male;4
range7;range3;range4;range4;range5;range6;range3;range3;range1;range2;range7;one;male;5
range7;range3;range7;range1;range4;range5;range5;range6;range1;range1;range6;one;male;6
range7;range2;range7;range1;range2;range4;range4;range6;range2;range1;range3;one;male;7
range7;range2;range5;range4;range6;range7;range4;range2;range1;range1;range6;one;male;8
range7;range2;range5;range5;range7;range7;range1;range1;range1;range1;range4;one;male;9
range7;range3;range6;range5;range5;range6;range1;range2;range1;range1;range7;one;male;10
range7;range2;range2;range7;range6;range6;range2;range1;range1;range4;range7;one;male;0
range7;range2;range5;range6;range7;range7;range4;range1;range1;range1;range6;one;male;1
range7;range3;range4;range5;range6;range5;range1;range2;range3;range2;range7;one;male;2
range7;range6;range4;range1;range5;range3;range3;range3;range2;range5;range7;one;male;3
range7;range4;range6;range1;range1;range5;range5;range5;range2;range4;range7;one;male;4
range7;range5;range6;range1;range3;range4;range4;range6;range1;range3;range7;one;male;5
range7;range4;range6;range3;range1;range3;range6;range7;range5;range2;range5;one;male;6
range7;range3;range7;range2;range1;range5;range6;range7;range5;range4;range3;one;male;7
range7;range2;range6;range7;range2;range5;range5;range2;range5;range2;range2;one;male;8
range7;range2;range5;range5;range6;range7;range5;range1;range2;range1;range2;one;male;9
range7;range3;range5;range3;range4;range7;range3;range3;range3;range1;range7;one;male;10
range7;range2;range1;range7;range7;range6;range3;range1;range1;range3;range7;one;male;0
range7;range3;range3;range6;range7;range7;range5;range2;range2;range1;range7;one;male;1
range7;range4;range4;range4;range6;range5;range1;range2;range3;range3;range7;one;male;2
range7;range6;range4;range1;range5;range3;range3;range2;range2;range6;range7;one;male;3
range7;range4;range6;range1;range1;range6;range5;range3;range2;range4;range6;one;male;4
range7;range5;range6;range2;range3;range3;range4;range6;range1;range2;range7;one;male;5
range7;range4;range6;range3;range1;range3;range6;range7;range4;range2;range4;one;male;6
range7;range3;range7;range2;range1;range5;range6;range7;range5;range5;range3;one;male;7
range7;range2;range6;range7;range2;range5;range5;range3;range5;range3;range2;one;male;8
range7;range2;range5;range6;range5;range7;range5;range1;range2;range1;range2;one;male;9
range7;range3;range5;range3;range4;range7;range3;range3;range3;range1;range7;one;male;10
range7;range3;range1;range7;range7;range6;range4;range1;range1;range2;range7;one;male;0
range7;range3;range3;range6;range7;range7;range6;range3;range2;range1;range6;one;male;1
range7;range4;range3;range3;range7;range5;range2;range1;range2;range3;range7;one;male;2
range7;range6;range4;range1;range5;range3;range3;range3;range2;range5;range7;one;male;3
range7;range4;range6;range1;range2;range7;range5;range3;range2;range4;range6;one;male;4
range7;range5;range6;range2;range2;range4;range4;range6;range2;range2;range7;one;male;5
range7;range4;range6;range3;range1;range3;range5;range7;range5;range3;range4;one;male;6
range7;range3;range7;range2;range1;range5;range6;range7;range5;range5;range3;one;male;7
range7;range2;range5;range7;range2;range5;range5;range3;range5;range3;range2;one;male;8
range7;range2;range5;range6;range6;range7;range4;range1;range2;range1;range3;one;male;9
range7;range3;range5;range4;range4;range6;range3;range4;range3;range1;range7;one;male;10
range7;range3;range1;range7;range7;range6;range4;range1;range1;range1;range7;one;male;0
range7;range3;range3;range6;range7;range7;range6;range5;range2;range1;range6;one;male;1
range7;range4;range3;range3;range7;range5;range3;range1;range1;range3;range7;one;male;2
range7;range6;range4;range1;range5;range3;range2;range4;range2;range5;range7;one;male;3
range7;range4;range6;range1;range2;range6;range5;range5;range1;range4;range6;one;male;4
range7;range5;range6;range2;range2;range5;range4;range6;range1;range2;range7;one;male;5
range7;range4;range6;range3;range1;range3;range6;range7;range6;range2;range5;one;male;6
range7;range3;range7;range3;range1;range5;range6;range7;range5;range6;range3;one;male;7
range7;range2;range5;range7;range2;range5;range5;range3;range5;range3;range2;one;male;8
range7;range1;range6;range6;range5;range7;range4;range1;range2;range2;range3;one;male;9
range7;range4;range5;range4;range4;range6;range3;range5;range3;range1;range7;one;male;10
range7;range3;range1;range7;range7;range6;range4;range1;range1;range1;range7;one;male;0
range7;range3;range2;range6;range6;range7;range6;range4;range3;range1;range6;one;male;1
range7;range4;range3;range4;range7;range4;range3;range2;range1;range3;range7;one;male;2
range7;range5;range4;range1;range5;range4;range2;range3;range3;range4;range7;one;male;3
range7;range4;range6;range1;range2;range5;range5;range5;range1;range3;range6;one;male;4
range7;range5;range6;range2;range3;range5;range4;range5;range1;range2;range7;one;male;5
range7;range4;range6;range2;range1;range4;range6;range6;range4;range2;range5;one;male;6
range7;range3;range7;range3;range1;range4;range7;range7;range5;range3;range3;one;male;7
range7;range2;range5;range6;range3;range6;range5;range3;range5;range2;range2;one;male;8
range7;range1;range6;range6;range5;range7;range4;range1;range2;range2;range3;one;male;9
range7;range4;range5;range4;range4;range6;range4;range4;range3;range1;range6;one;male;10
range7;range3;range1;range7;range7;range6;range4;range1;range1;range1;range7;one;male;0
range7;range3;range2;range6;range6;range7;range6;range3;range3;range1;range6;one;male;1
range7;range3;range4;range5;range7;range5;range1;range2;range2;range2;range7;one;male;2
range7;range5;range4;range1;range5;range4;range2;range3;range3;range4;range7;one;male;3
range7;range5;range6;range1;range2;range5;range6;range6;range1;range2;range6;one;male;4
range7;range5;range6;range2;range3;range6;range4;range5;range1;range2;range7;one;male;5
range7;range4;range6;range1;range2;range4;range7;range7;range3;range1;range5;one;male;6
range7;range3;range7;range3;range1;range4;range7;range7;range6;range2;range3;one;male;7
range7;range2;range5;range6;range3;range6;range6;range3;range5;range2;range2;one;male;8
range7;range1;range6;range6;range5;range6;range4;range1;range2;range2;range3;one;male;9
range7;range4;range5;range4;range3;range7;range4;range3;range3;range1;range6;one;male;10